rank,name,n_tips,monophyletic
genus,g__0-14-0-10-38-17,1,true
genus,g__0-14-0-20-40-13,1,true
genus,g__01-FULL-36-10b,1,true
genus,g__01-FULL-36-15b,2,true
genus,g__01-FULL-38-12b,2,true
genus,g__01-FULL-39-12b,1,true
genus,g__01-FULL-43-11b,1,true
genus,g__01-FULL-43-15b,1,true
genus,g__01-FULL-44-24b,1,true
genus,g__01-FULL-45-15b,1,true
genus,g__01-FULL-45-25b,1,true
genus,g__01-FULL-45-34b,1,true
genus,g__01-FULL-48-32b,1,true
genus,g__01-FULL-49-22b,1,true
genus,g__01-FULL-54-110,1,true
genus,g__02-FULL-45-10c,1,true
genus,g__02-FULL-45-11b,1,true
genus,g__02-FULL-45-17b,2,true
genus,g__1-14-0-10-34-10,1,true
genus,g__1-14-0-10-36-11,1,true
genus,g__1-14-0-10-36-16,1,true
genus,g__1-14-0-10-36-19,1,true
genus,g__1-14-0-10-36-32,1,true
genus,g__1-14-0-10-37-14,1,true
genus,g__1-14-0-10-40-38,1,true
genus,g__1-14-0-10-41-10,1,true
genus,g__1-14-0-10-41-12,1,true
genus,g__1-14-0-10-41-28,1,true
genus,g__1-14-0-10-42-12,1,true
genus,g__1-14-0-10-42-19,1,true
genus,g__1-14-0-10-42-22,1,true
genus,g__1-14-0-10-43-10,1,true
genus,g__1-14-0-10-43-11,1,true
genus,g__1-14-0-10-43-13,1,true
genus,g__1-14-0-10-43-42,1,true
genus,g__1-14-0-10-44-23,1,true
genus,g__1-14-0-10-45-20,5,false
genus,g__1-14-0-10-46-23,1,true
genus,g__1-14-0-10-46-36,1,true
genus,g__1-14-0-10-47-10,1,true
genus,g__1-14-0-10-47-16,1,true
genus,g__1-14-0-10-48-11,1,true
genus,g__1-14-0-10-49-15,1,true
genus,g__1-14-0-10-49-17,1,true
genus,g__1-14-0-10-51-16,1,true
genus,g__1-14-0-10-55-24,1,true
genus,g__1-14-0-10-56-10,1,true
genus,g__1-14-0-20-35-14,1,true
genus,g__1-14-0-20-39-34,1,true
genus,g__1-14-2-50-48-13,1,true
genus,g__12-FULL-43-12b,1,true
genus,g__12-FULL-44-12b,1,true
genus,g__12-FULL-45-19b,1,true
genus,g__2011-GWA2-47-8b,1,true
genus,g__2011-GWC2-44-17,3,false
genus,g__20-14-all-54-14,1,true
genus,g__2-01-FULL-33-17,1,true
genus,g__2-01-FULL-36-15,1,true
genus,g__2-01-FULL-37-20,1,true
genus,g__2-01-FULL-38-13,1,true
genus,g__2-01-FULL-38-21,2,true
genus,g__2-01-FULL-38-26,1,true
genus,g__2-01-FULL-39-10,1,true
genus,g__2-01-FULL-39-10-A,1,true
genus,g__2-01-FULL-39-12,1,true
genus,g__2-01-FULL-39-12-A,1,true
genus,g__2-01-FULL-39-13,1,true
genus,g__2-01-FULL-39-19,1,true
genus,g__2-01-FULL-39-21,2,true
genus,g__2-01-FULL-39-24,1,true
genus,g__2-01-FULL-39-28,3,true
genus,g__2-01-FULL-39-33,2,true
genus,g__2-01-FULL-40-13,5,false
genus,g__2-01-FULL-40-14,1,true
genus,g__2-01-FULL-40-24,1,true
genus,g__2-01-FULL-40-39,1,true
genus,g__2-01-FULL-40-42,1,true
genus,g__2-01-FULL-41-11,1,true
genus,g__2-01-FULL-41-18,1,true
genus,g__2-01-FULL-41-18-A,1,true
genus,g__2-01-FULL-41-21,3,true
genus,g__2-01-FULL-41-22,1,true
genus,g__2-01-FULL-41-26,2,true
genus,g__2-01-FULL-42-13,1,true
genus,g__2-01-FULL-42-15,1,true
genus,g__2-01-FULL-42-20,1,true
genus,g__2-01-FULL-43-14,1,true
genus,g__2-01-FULL-43-22,2,false
genus,g__2-01-FULL-43-38,1,true
genus,g__2-01-FULL-44-10,1,true
genus,g__2-01-FULL-44-11,1,true
genus,g__2-01-FULL-44-17,1,true
genus,g__2-01-FULL-44-21,1,true
genus,g__2-01-FULL-44-22,2,true
genus,g__2-01-FULL-45-10-B,1,true
genus,g__2-01-FULL-45-11,1,true
genus,g__2-01-FULL-45-18,1,true
genus,g__2-01-FULL-45-33,2,true
genus,g__2-01-FULL-46-13,4,true
genus,g__2-01-FULL-46-14,2,true
genus,g__2-01-FULL-46-14-A,1,true
genus,g__2-01-FULL-47-10,1,true
genus,g__2-01-FULL-47-10-A,1,true
genus,g__2-01-FULL-48-10,1,true
genus,g__2-01-FULL-48-14,1,true
genus,g__2-01-FULL-48-16,1,true
genus,g__2-01-FULL-49-10,1,true
genus,g__2-01-FULL-49-14,1,true
genus,g__2-01-FULL-49-17,1,true
genus,g__2-01-FULL-49-22,1,true
genus,g__2-01-FULL-50-11,1,true
genus,g__2-01-FULL-50-23,1,true
genus,g__2-01-FULL-50-25,1,true
genus,g__2-01-FULL-50-28,1,true
genus,g__2-01-FULL-51-10,2,true
genus,g__2-01-FULL-51-21,1,true
genus,g__2-01-FULL-51-34,1,true
genus,g__2-01-FULL-52-15,1,true
genus,g__2-01-FULL-56-20,1,true
genus,g__2-01-FULL-58-14,1,true
genus,g__2-01-FULL-63-20,2,true
genus,g__2-02-FULL-34-10,1,true
genus,g__2-02-FULL-36-13,1,true
genus,g__2-02-FULL-37-13,1,true
genus,g__2-02-FULL-38-14,1,true
genus,g__2-02-FULL-38-15,1,true
genus,g__2-02-FULL-39-11,1,true
genus,g__2-02-FULL-39-13,2,true
genus,g__2-02-FULL-39-14,2,true
genus,g__2-02-FULL-40-10,1,true
genus,g__2-02-FULL-40-12,2,true
genus,g__2-02-FULL-40-13,1,true
genus,g__2-02-FULL-40-20,1,true
genus,g__2-02-FULL-42-16,1,true
genus,g__2-02-FULL-43-11,1,true
genus,g__2-02-FULL-43-11-A,1,true
genus,g__2-02-FULL-43-13,1,true
genus,g__2-02-FULL-43-16,1,true
genus,g__2-02-FULL-44-35,2,true
genus,g__2-02-FULL-45-10,1,true
genus,g__2-02-FULL-45-11,1,true
genus,g__2-02-FULL-45-18,1,true
genus,g__2-02-FULL-46-11,1,true
genus,g__2-02-FULL-46-13,2,true
genus,g__2-02-FULL-46-19,1,true
genus,g__2-02-FULL-47-12,1,true
genus,g__2-02-FULL-48-11-A,1,true
genus,g__2-02-FULL-48-12,1,true
genus,g__2-02-FULL-48-14,1,true
genus,g__2-02-FULL-48-16,2,true
genus,g__2-02-FULL-49-11,1,true
genus,g__2-02-FULL-49-16,2,true
genus,g__2-02-FULL-50-9b,2,true
genus,g__2-02-FULL-51-10,1,true
genus,g__2-02-FULL-52-16,1,true
genus,g__2-02-FULL-52-23,1,true
genus,g__2-02-FULL-53-10,1,true
genus,g__2-02-FULL-56-16,1,true
genus,g__21-14-0-10-42-9,1,true
genus,g__21-14-0-10-47-8-A,1,true
genus,g__21-14-0-20-46-8,1,true
genus,g__21-14-all-36-13,1,true
genus,g__21-14-all-37-9,1,true
genus,g__21-14-all-47-15,1,true
genus,g__21-14-all-47-17,1,true
genus,g__2-12-FULL-37-11,1,true
genus,g__2-12-FULL-37-7b,1,true
genus,g__2-12-FULL-38-22,1,true
genus,g__2-12-FULL-40-10,1,true
genus,g__2-12-FULL-40-12,1,true
genus,g__2-12-FULL-41-12,1,true
genus,g__2-12-FULL-41-13,1,true
genus,g__2-12-FULL-41-16,1,true
genus,g__2-12-FULL-41-17,1,true
genus,g__2-12-FULL-43-11,1,true
genus,g__2-12-FULL-43-12,1,true
genus,g__2-12-FULL-44-25,1,true
genus,g__2-12-FULL-45-10,2,true
genus,g__2-12-FULL-48-17,1,true
genus,g__2-12-FULL-50-11,1,true
genus,g__2-12-FULL-55-11,3,true
genus,g__2-12-FULL-57-11,1,true
genus,g__2-12-FULL-60-25,2,false
genus,g__4484-211,1,true
genus,g__4787,1,true
genus,g__9FT-COMBO-53-11,2,true
genus,g__Aalborg-AAW-1,1,true
genus,g__AMD01,1,true
genus,g__AWTP1-31,2,true
genus,g__B61-G2,1,true
genus,g__B79-G16,1,true
genus,g__B7-G4,1,true
genus,g__BJGX01,1,true
genus,g__BM507,1,true
genus,g__BM519,2,true
genus,g__BM521,1,true
genus,g__BM705,1,true
genus,g__BMS3ABIN15,1,true
genus,g__BOG-1338,1,true
genus,g__Bog-1340,4,true
genus,g__C7867-001,23,false
genus,g__C7867-002,20,false
genus,g__C7867-005,1,true
genus,g__C7867-006,7,false
genus,g__CAIJKW01,5,true
genus,g__CAIJKY01,1,true
genus,g__CAIJMI01,1,true
genus,g__CAIJXO01,3,true
genus,g__CAIJYI01,1,true
genus,g__CAIJZX01,1,true
genus,g__CAIKAD01,3,true
genus,g__CAIKHN01,1,true
genus,g__CAIKKG01,1,true
genus,g__CAIKNB01,1,true
genus,g__CAIKOH01,2,false
genus,g__CAIKZD01,1,true
genus,g__CAILAD01,1,true
genus,g__CAILDB01,1,true
genus,g__CAILIB01,1,true
genus,g__CAILQE01,1,true
genus,g__CAILTG01,1,true
genus,g__CAIMDX01,1,true
genus,g__CAIMEH01,1,true
genus,g__CAIMLA01,1,true
genus,g__CAIMLU01,1,true
genus,g__CAINCQ01,1,true
genus,g__CAINDQ01,1,true
genus,g__CAINDR01,2,true
genus,g__CAINEW01,1,true
genus,g__CAINNR01,1,true
genus,g__CAINVO01,1,true
genus,g__CAINWJ01,1,true
genus,g__CAINXF01,1,true
genus,g__CAIOGI01,2,true
genus,g__CAIOIA01,1,true
genus,g__CAIOJG01,2,true
genus,g__CAIOLF01,1,true
genus,g__CAIOMD01,2,true
genus,g__CAIOTC01,1,true
genus,g__CAIPBY01,1,true
genus,g__CAIPHT01,2,true
genus,g__CAIPMZ01,6,true
genus,g__CAIPSZ01,1,true
genus,g__CAIPUJ01,1,true
genus,g__CAIQCM01,1,true
genus,g__CAIQPO01,1,true
genus,g__CAIQRY01,1,true
genus,g__CAIRBL01,1,true
genus,g__CAIRFN01,1,true
genus,g__CAIRHC01,1,true
genus,g__CAIRNR01,1,true
genus,g__CAIRYL01,1,true
genus,g__CAIRYW01,1,true
genus,g__CAISTG01,2,true
genus,g__CAISZI01,1,true
genus,g__CAITGV01,1,true
genus,g__CAITQP01,2,true
genus,g__CAIUCV01,1,true
genus,g__CAIUCZ01,1,true
genus,g__CAIUEV01,1,true
genus,g__CAIVBF01,1,true
genus,g__CAIVNC01,1,true
genus,g__CAIVSN01,1,true
genus,g__CAIWCR01,2,true
genus,g__CAIXDB01,1,true
genus,g__CAIXDN01,1,true
genus,g__CAIXMG01,2,true
genus,g__CAIXNZ01,1,true
genus,g__CAIYEO01,5,true
genus,g__CAIZIN01,1,true
genus,g__CAIZLB01,2,true
genus,g__CAIZMI01,1,true
genus,g__CAJAQL01,1,true
genus,g__CAJAUT01,1,true
genus,g__CAJAVM01,2,true
genus,g__CAJBLF01,4,false
genus,g__CAJBMK01,1,true
genus,g__CAJBMM01,1,true
genus,g__CAJBRS01,1,true
genus,g__CAJCIR01,1,true
genus,g__CG1-02-37-13,1,true
genus,g__CG1-02-37-22,1,true
genus,g__CG1-02-40-25,1,true
genus,g__CG1-02-40-82,2,true
genus,g__CG1-02-41-12,1,true
genus,g__CG1-02-41-21,2,true
genus,g__CG1-02-41-26,1,true
genus,g__CG1-02-43-31,1,true
genus,g__CG1-02-47-37,1,true
genus,g__CG10-46-32,1,true
genus,g__CG2-30-33-46,1,true
genus,g__CG2-30-36-38,1,true
genus,g__CG2-30-36-39,1,true
genus,g__CG2-30-37-29,1,true
genus,g__CG2-30-39-44,1,true
genus,g__CG2-30-40-12,1,true
genus,g__CG2-30-43-20,1,true
genus,g__CG2-30-44-17,1,true
genus,g__CG2-30-45-37,1,true
genus,g__CG2-30-54-11,1,true
genus,g__Ch104c,2,true
genus,g__Chazhemtobacterium,1,true
genus,g__CSBR16-119,1,true
genus,g__CSBR16-193,1,true
genus,g__CSSED10-335,1,true
genus,g__CSSED10-83,1,true
genus,g__CSSED11-315,1,true
genus,g__DG-74-1,1,true
genus,g__DG-74-3,1,true
genus,g__DRGK01,1,true
genus,g__DRWB01,1,true
genus,g__DRWU01,1,true
genus,g__DSBA01,1,true
genus,g__DSBD01,1,true
genus,g__DSNS01,1,true
genus,g__DSNT01,1,true
genus,g__DSPI01,1,true
genus,g__DSPV01,1,true
genus,g__DSTG01,1,true
genus,g__DSTH01,1,true
genus,g__DSVP01,2,true
genus,g__DSVX01,1,true
genus,g__DSVY01,1,true
genus,g__DSXX01,1,true
genus,g__DTIG01,1,true
genus,g__DTIL01,1,true
genus,g__DTIS01,1,true
genus,g__DTJQ01,1,true
genus,g__DTJR01,1,true
genus,g__DTJT01,1,true
genus,g__DTKT01,1,true
genus,g__DTQG01,1,true
genus,g__DTQI01,1,true
genus,g__DTSZ01,1,true
genus,g__DUUL01,1,true
genus,g__FEB-17,1,true
genus,g__Fen-1326,1,true
genus,g__FEN-1329,1,true
genus,g__GBS-2,1,true
genus,g__GCA-002688135,1,true
genus,g__GCA-002724975,2,true
genus,g__GCA-002772825,1,true
genus,g__GCA-002772895,1,true
genus,g__GCA-002773005,1,true
genus,g__GCA-002779355,1,true
genus,g__GCA-002779425,1,true
genus,g__GCA-002779875,1,true
genus,g__GCA-002780085,1,true
genus,g__GCA-002780795,1,true
genus,g__GCA-002782225,1,true
genus,g__GCA-002782285,1,true
genus,g__GCA-002782345,1,true
genus,g__GCA-002784865,1,true
genus,g__GCA-002785045,1,true
genus,g__GCA-002787175,1,true
genus,g__GCA-002787255,1,true
genus,g__GCA-002787375,1,true
genus,g__GCA-00278855,1,true
genus,g__GCA-002788555,1,true
genus,g__GCA-002789015,1,true
genus,g__GCA-002790575,1,true
genus,g__GCA-002790615,1,true
genus,g__GCA-002790695,1,true
genus,g__GCA-002791395,1,true
genus,g__GCA-002793355,1,true
genus,g__GCA-002793575,1,true
genus,g__GCA-002795985,1,true
genus,g__GCA-002840305,1,true
genus,g__GCA-002841655,3,false
genus,g__GCA-2401345,1,true
genus,g__GCA-2401425,1,true
genus,g__GCA-2401445,1,true
genus,g__GCA-2686365,1,true
genus,g__GCA-2686445,1,true
genus,g__GCA-2686465,1,true
genus,g__GCA-2716765,1,true
genus,g__GCA-2718715,1,true
genus,g__GCA-2746885,1,true
genus,g__GCA-2747515,1,true
genus,g__GCA-2747955,1,true
genus,g__GCA-2785325,1,true
genus,g__GCA-2792135,1,true
genus,g__GCA-2861585,1,true
genus,g__GN02-872,2,false
genus,g__GN02-873,3,false
genus,g__GWA1-39-11,2,false
genus,g__GWA1-40-21,1,true
genus,g__GWA1-42-19,1,true
genus,g__GWA1-42-9,1,true
genus,g__GWA1-44-24,1,true
genus,g__GWA1-44-25,2,true
genus,g__GWA1-44-29,2,true
genus,g__GWA1-48-11,1,true
genus,g__GWA1-54-10,17,false
genus,g__GWA1-54-12,1,true
genus,g__GWA2-33-14,1,true
genus,g__GWA2-35-9,2,true
genus,g__GWA2-36-10,2,true
genus,g__GWA2-37-10,1,true
genus,g__GWA2-37-8,1,true
genus,g__GWA2-38-13,1,true
genus,g__GWA2-38-13b,1,true
genus,g__GWA2-38-27,1,true
genus,g__GWA2-41-24,1,true
genus,g__GWA2-42-14,1,true
genus,g__GWA2-42-15,1,true
genus,g__GWA2-43-13,1,true
genus,g__GWA2-43-14,2,true
genus,g__GWA2-44-10,1,true
genus,g__GWA2-44-7,1,true
genus,g__GWA2-44-9,1,true
genus,g__GWA2-45-9,1,true
genus,g__GWA2-46-10,1,true
genus,g__GWA2-46-15,2,false
genus,g__GWA2-46-9,2,true
genus,g__GWA2-47-10,1,true
genus,g__GWA2-47-10b,1,true
genus,g__GWA2-47-26,2,false
genus,g__GWA2-56-11,1,true
genus,g__GWB1-36-5,1,true
genus,g__GWB1-37-8,3,true
genus,g__GWB1-38-13,2,true
genus,g__GWB1-39-10,1,true
genus,g__GWB1-39-12,1,true
genus,g__GWB1-40-14,2,true
genus,g__GWB1-41-6,1,true
genus,g__GWB1-42-6,1,true
genus,g__GWB1-45-5,1,true
genus,g__GWB1-45-9,1,true
genus,g__GWB1-50-10,1,true
genus,g__GWB1-54-5,3,true
genus,g__GWC1-37-10,1,true
genus,g__GWC1-37-12b,1,true
genus,g__GWC1-40-35,1,true
genus,g__GWC1-40-9,1,true
genus,g__GWC1-42-9,1,true
genus,g__GWC1-47-15,1,true
genus,g__GWC1-49-16,1,true
genus,g__GWC2-33-13,1,true
genus,g__GWC2-36-17,1,true
genus,g__GWC2-37-13,10,false
genus,g__GWC2-37-14,1,true
genus,g__GWC2-37-8,1,true
genus,g__GWC2-39-10,2,true
genus,g__GWC2-39-14,1,true
genus,g__GWC2-40-17,1,true
genus,g__GWC2-42-12,2,true
genus,g__GWC2-45-19,2,true
genus,g__GWE1-39-12,1,true
genus,g__GWE2-39-37,1,true
genus,g__GWF,1,true
genus,g__GWF1-31-35,1,true
genus,g__GWF1-45-5,1,true
genus,g__GWF2-33-10,1,true
genus,g__GWF2-35-18,1,true
genus,g__GWF2-39-15,1,true
genus,g__HO2-37-13b,1,true
genus,g__HO2-39-17,1,true
genus,g__HO2-43-120,1,true
genus,g__HO2-43-30,1,true
genus,g__HO2-45-11b,2,true
genus,g__HO2-45-13,1,true
genus,g__HO2-45-28,1,true
genus,g__HO2-49-34,2,true
genus,g__HO2-FULL-38-9,1,true
genus,g__HO2-FULL-47-45,1,true
genus,g__HOT-345,3,true
genus,g__HRBIN34,1,true
genus,g__HRBIN35,2,true
genus,g__J119,1,true
genus,g__J137,1,true
genus,g__JAACEG01,1,true
genus,g__JAACEU01,1,true
genus,g__JAACPI01,1,true
genus,g__JAACPJ01,1,true
genus,g__JAACPL01,1,true
genus,g__JAACPR01,1,true
genus,g__JAACSU01,1,true
genus,g__JAADGY01,1,true
genus,g__JAAUSE01,1,true
genus,g__JAAXTX01,6,true
genus,g__JAAXUA01,2,true
genus,g__JAAXWC01,1,true
genus,g__JAAXWF01,1,true
genus,g__JAAXWG01,1,true
genus,g__JAAXWV01,1,true
genus,g__JAAXWW01,1,true
genus,g__JAAYXY01,1,true
genus,g__JAAZHW01,1,true
genus,g__JAAZJO01,1,true
genus,g__JAAZJX01,1,true
genus,g__JAAZKO01,2,false
genus,g__JAAZMU01,1,true
genus,g__JAAZMX01,2,true
genus,g__JAAZND01,1,true
genus,g__JAAZNL01,1,true
genus,g__JAAZNM01,1,true
genus,g__JAAZNP01,1,true
genus,g__JAAZNV01,1,true
genus,g__JAAZOH01,1,true
genus,g__JAAZXH01,1,true
genus,g__JAAZYG01,1,true
genus,g__JABAAK01,3,true
genus,g__JABACC01,1,true
genus,g__JABFSS01,2,false
genus,g__JABFSX01,3,true
genus,g__JABMNX01,1,true
genus,g__JABMNZ01,1,true
genus,g__JABMOB01,1,true
genus,g__JABMPK01,1,true
genus,g__JABMPQ01,1,true
genus,g__JABMPX01,1,true
genus,g__JABMPZ01,1,true
genus,g__JABMQE01,1,true
genus,g__JABMRF01,1,true
genus,g__JABWCG01,1,true
genus,g__JACDBH01,1,true
genus,g__JACDEK01,1,true
genus,g__JACDET01,1,true
genus,g__JACDFN01,1,true
genus,g__JACDFO01,1,true
genus,g__JACMPA01,2,true
genus,g__JACMQI01,1,true
genus,g__JACMRA01,1,true
genus,g__JACNGX01,2,true
genus,g__Kazan-3B-28,2,true
genus,g__LCBW01,1,true
genus,g__LCKU01,1,true
genus,g__LCOC01,1,true
genus,g__LCPA01,1,true
genus,g__LiPW-15,1,true
genus,g__LiPW-41,1,true
genus,g__M10-OD1-1,1,true
genus,g__M10-OD1-4,1,true
genus,g__MAAV01,1,true
genus,g__MEUV01,1,true
genus,g__MEVN01,1,true
genus,g__MEYI01,1,true
genus,g__MFAQ01,1,true
genus,g__MFBF01,1,true
genus,g__MFBN01,1,true
genus,g__MFBO01,1,true
genus,g__MFGM01,1,true
genus,g__MFHE01,1,true
genus,g__MFJZ01,1,true
genus,g__MFKM01,1,true
genus,g__MFNH01,1,true
genus,g__MFQB01,1,true
genus,g__MFTL01,1,true
genus,g__MFUC01,2,false
genus,g__MFUP01,1,true
genus,g__MGJZ01,1,true
genus,g__MHLB01,1,true
genus,g__MHMH01,1,true
genus,g__Microgenomatus_A,1,true
genus,g__Microgenomatus_B,1,true
genus,g__MWBJ01,1,true
genus,g__MWBO01,1,true
genus,g__MWBX01,1,true
genus,g__MWCH01,1,true
genus,g__MWCK01,1,true
genus,g__MWCM01,1,true
genus,g__MWCR01,1,true
genus,g__MWDC01,1,true
genus,g__O2-01-FULL-39-8,1,true
genus,g__O2-01-FULL-48-27b,1,true
genus,g__O2-02-FULL-42-17,1,true
genus,g__O2-02-FULL-48-8,1,true
genus,g__O2-12-FULL-42-9,1,true
genus,g__O2-12-FULL-44-13,1,true
genus,g__O2-12-FULL-45-9,1,true
genus,g__OLB19,13,false
genus,g__OLB20,1,true
genus,g__OLB21,1,true
genus,g__OLB22,1,true
genus,g__OLB23,1,true
genus,g__OLZORAL124-38-8,1,true
genus,g__OMIS01,1,true
genus,g__OMJO01,1,true
genus,g__OXYB2-FULL-32-7,1,true
genus,g__OXYB2-FULL-41-6,1,true
genus,g__OXYD1-FULL-39-9,2,true
genus,g__Paceibacter,2,true
genus,g__PALSA-1332,1,true
genus,g__PALSA-1335,1,true
genus,g__PALSA-1336,5,false
genus,g__PALSA-1337,2,true
genus,g__PDOX01,1,true
genus,g__PDTW01,1,true
genus,g__Peribacter,2,true
genus,g__PETJ01,1,true
genus,g__PEXW01,2,true
genus,g__PEYC01,1,true
genus,g__PEYH01,1,true
genus,g__PEYW01,1,true
genus,g__PEZG01,1,true
genus,g__PFDW01,1,true
genus,g__PFEE01,1,true
genus,g__PFEM01,1,true
genus,g__PFMI01,1,true
genus,g__PGYE01,1,true
genus,g__PGYQ01,1,true
genus,g__PJMF01,1,true
genus,g__PJMG01,1,true
genus,g__PNNO01,1,true
genus,g__PPGL01,1,true
genus,g__PRDT01,1,true
genus,g__PSRQ01,1,true
genus,g__PWHG01,1,true
genus,g__PWHW01,6,false
genus,g__PWIP01,3,true
genus,g__PWMZ01,2,true
genus,g__PWNV01,2,true
genus,g__PWPS01,4,true
genus,g__PXDG01,1,true
genus,g__QS-5-54-17,1,true
genus,g__QYPD01,1,true
genus,g__RBG-13-36-15,2,true
genus,g__RBG-13-40-15,1,true
genus,g__RBG-13-40-8-A,1,true
genus,g__RBG-13-42-11,1,true
genus,g__RBG-13-46-13,1,true
genus,g__RBG-13-50-9,1,true
genus,g__RBG-16-39-9b,1,true
genus,g__RBG-16-42-10,1,true
genus,g__RBG-16-42-24,1,true
genus,g__RBG-16-45-19,1,true
genus,g__RBG-16-52-11,1,true
genus,g__RFTN01,1,true
genus,g__RGVC01,1,true
genus,g__RHKK01,1,true
genus,g__RZYF01,1,true
genus,g__RZZT01,1,true
genus,g__Saccharimonas,12,false
genus,g__SBAW01,1,true
genus,g__SBBB01,1,true
genus,g__SCPX01,1,true
genus,g__SCQK01,1,true
genus,g__SCSN01,1,true
genus,g__SCSU01,1,true
genus,g__SCTI01,1,true
genus,g__SCTJ01,1,true
genus,g__SCTV01,1,true
genus,g__SCUL01,1,true
genus,g__SDRW01,1,true
genus,g__SG8-24,1,true
genus,g__SIBS01,1,true
genus,g__SIBU01,1,true
genus,g__SIBX01,1,true
genus,g__SICB01,2,true
genus,g__SICC01,1,true
genus,g__SICD01,1,true
genus,g__SICJ01,1,true
genus,g__SICN01,1,true
genus,g__SICQ01,1,true
genus,g__SKIU01,1,true
genus,g__SKJI01,1,true
genus,g__SKVL01,2,true
genus,g__SLHW01,2,true
genus,g__SLNK01,2,true
genus,g__SLRF01,1,true
genus,g__SOKK01,1,true
genus,g__SSEF01,1,true
genus,g__SSGK01,1,true
genus,g__SURF-37,1,true
genus,g__SURF-38,1,true
genus,g__SURF-54,1,true
genus,g__SURF-56,1,true
genus,g__SURF-57,2,true
genus,g__SURF-62,1,true
genus,g__SW-4-49-11,1,true
genus,g__SW-6-46-9,1,true
genus,g__SZUA-104,1,true
genus,g__SZUA-124,1,true
genus,g__SZUA-179,1,true
genus,g__SZUA-359,1,true
genus,g__SZUA-360,1,true
genus,g__SZUA-46,2,false
genus,g__SZUA-47,1,true
genus,g__SZUA-486,1,true
genus,g__SZUA-533,1,true
genus,g__SZUA-82,2,true
genus,g__T1SED10-24,1,true
genus,g__T1SED10-78,1,true
genus,g__T3SED10-354,1,true
genus,g__TM7x,4,false
genus,g__UBA10001,1,true
genus,g__UBA10002,5,true
genus,g__UBA10003,1,true
genus,g__UBA10009,1,true
genus,g__UBA10014,1,true
genus,g__UBA10025,1,true
genus,g__UBA10027,1,true
genus,g__UBA1006,1,true
genus,g__UBA10092,1,true
genus,g__UBA10102,1,true
genus,g__UBA10103,25,false
genus,g__UBA10105,1,true
genus,g__UBA10108,1,true
genus,g__UBA10110,1,true
genus,g__UBA10118,1,true
genus,g__UBA10119,3,true
genus,g__UBA10122,2,true
genus,g__UBA10133,6,true
genus,g__UBA10138,1,true
genus,g__UBA10146,1,true
genus,g__UBA10151,3,false
genus,g__UBA10165,1,true
genus,g__UBA10169,1,true
genus,g__UBA10181,1,true
genus,g__UBA10185,1,true
genus,g__UBA10190,1,true
genus,g__UBA10197,1,true
genus,g__UBA1020,8,false
genus,g__UBA10212,2,true
genus,g__UBA1103,4,false
genus,g__UBA11098,1,true
genus,g__UBA11359,2,true
genus,g__UBA11618,1,true
genus,g__UBA11699,1,true
genus,g__UBA11703,1,true
genus,g__UBA11704,3,false
genus,g__UBA11705,2,true
genus,g__UBA11707,3,true
genus,g__UBA11710,1,true
genus,g__UBA11712,2,true
genus,g__UBA11713,1,true
genus,g__UBA11717,2,true
genus,g__UBA12026,2,true
genus,g__UBA12028,1,true
genus,g__UBA12042,2,true
genus,g__UBA12044,1,true
genus,g__UBA12049,1,true
genus,g__UBA12053,2,true
genus,g__UBA12068,5,true
genus,g__UBA12075,1,true
genus,g__UBA12078,2,false
genus,g__UBA12079,2,false
genus,g__UBA12086,4,true
genus,g__UBA12088,4,true
genus,g__UBA12108,1,true
genus,g__UBA12115,1,true
genus,g__UBA12151,1,true
genus,g__UBA12158,6,false
genus,g__UBA12393,1,true
genus,g__UBA12396,1,true
genus,g__UBA12403,1,true
genus,g__UBA12405,1,true
genus,g__UBA12445,1,true
genus,g__UBA12463,3,false
genus,g__UBA12465,3,true
genus,g__UBA12470,1,true
genus,g__UBA12472,1,true
genus,g__UBA12473,1,true
genus,g__UBA12478,4,false
genus,g__UBA1359,1,true
genus,g__UBA1362,1,true
genus,g__UBA1364,7,true
genus,g__UBA1369,1,true
genus,g__UBA1370,1,true
genus,g__UBA1372,1,true
genus,g__UBA1379,1,true
genus,g__UBA1384,1,true
genus,g__UBA1388,2,true
genus,g__UBA1396,1,true
genus,g__UBA1397,1,true
genus,g__UBA1400,1,true
genus,g__UBA1401,1,true
genus,g__UBA1406,2,true
genus,g__UBA1430,2,true
genus,g__UBA1435,1,true
genus,g__UBA1441,1,true
genus,g__UBA1449,1,true
genus,g__UBA1450,6,false
genus,g__UBA1539,1,true
genus,g__UBA1544,1,true
genus,g__UBA1545,3,true
genus,g__UBA1547,16,false
genus,g__UBA1550,10,false
genus,g__UBA1557,4,true
genus,g__UBA1558,1,true
genus,g__UBA1561,2,true
genus,g__UBA1567,1,true
genus,g__UBA1568,6,false
genus,g__UBA1875,1,true
genus,g__UBA2022,1,true
genus,g__UBA2023,1,true
genus,g__UBA2100,6,false
genus,g__UBA2103,2,true
genus,g__UBA2112,1,true
genus,g__UBA2135,1,true
genus,g__UBA2143,1,true
genus,g__UBA2144,1,true
genus,g__UBA2163,3,false
genus,g__UBA2169,1,true
genus,g__UBA2170,2,false
genus,g__UBA2177,3,true
genus,g__UBA2193,1,true
genus,g__UBA2196,1,true
genus,g__UBA2206,5,true
genus,g__UBA2211,1,true
genus,g__UBA2259,4,true
genus,g__UBA2277,4,true
genus,g__UBA2282,2,true
genus,g__UBA2283,2,true
genus,g__UBA2558,1,true
genus,g__UBA2591,1,true
genus,g__UBA2772,1,true
genus,g__UBA2773,1,true
genus,g__UBA2834,7,false
genus,g__UBA2866,15,false
genus,g__UBA3081,2,false
genus,g__UBA3291,1,true
genus,g__UBA3531,1,true
genus,g__UBA4124,2,true
genus,g__UBA4473,1,true
genus,g__UBA4664,1,true
genus,g__UBA4665,3,true
genus,g__UBA4729,3,true
genus,g__UBA5004,9,false
genus,g__UBA5073,1,true
genus,g__UBA5124,2,true
genus,g__UBA5150,4,true
genus,g__UBA5169,1,true
genus,g__UBA5194,2,true
genus,g__UBA5209,2,true
genus,g__UBA5232,5,false
genus,g__UBA5272,1,true
genus,g__UBA5532,1,true
genus,g__UBA5615,1,true
genus,g__UBA5633,2,false
genus,g__UBA5738,2,true
genus,g__UBA5941,1,true
genus,g__UBA5946,1,true
genus,g__UBA6022,1,true
genus,g__UBA6065,1,true
genus,g__UBA6130,1,true
genus,g__UBA6164,1,true
genus,g__UBA6175,9,true
genus,g__UBA6220,1,true
genus,g__UBA6224,1,true
genus,g__UBA6257,1,true
genus,g__UBA6263,2,true
genus,g__UBA6264,1,true
genus,g__UBA6489,1,true
genus,g__UBA6532,1,true
genus,g__UBA6534,1,true
genus,g__UBA6539,1,true
genus,g__UBA6824,1,true
genus,g__UBA6899,6,true
genus,g__UBA7396,1,true
genus,g__UBA7522,1,true
genus,g__UBA7683,1,true
genus,g__UBA8475,1,true
genus,g__UBA8498,5,true
genus,g__UBA8515,11,false
genus,g__UBA8517,3,true
genus,g__UBA8518,2,true
genus,g__UBA910,2,true
genus,g__UBA917,1,true
genus,g__UBA918,4,true
genus,g__UBA919,1,true
genus,g__UBA920,1,true
genus,g__UBA922,1,true
genus,g__UBA924,1,true
genus,g__UBA925,1,true
genus,g__UBA927,2,true
genus,g__UBA9296,1,true
genus,g__UBA9337,4,true
genus,g__UBA9338,1,true
genus,g__UBA949,1,true
genus,g__UBA9568,1,true
genus,g__UBA9570,1,true
genus,g__UBA9629,1,true
genus,g__UBA9630,3,true
genus,g__UBA9631,1,true
genus,g__UBA9644,1,true
genus,g__UBA9645,1,true
genus,g__UBA9650,1,true
genus,g__UBA9933,4,true
genus,g__UBA9934,1,true
genus,g__UBA9936,1,true
genus,g__UBA9973,40,false
genus,g__UBA9978,1,true
genus,g__UBA9983,1,true
genus,g__UBA9988,1,true
genus,g__UM-FILTER-33-9,1,true
genus,g__UM-FILTER-34-12,1,true
genus,g__UM-FILTER-36-11,1,true
genus,g__UM-FILTER-36-13,1,true
genus,g__UM-FILTER-36-7,1,true
genus,g__UM-FILTER-37-10,1,true
genus,g__UM-FILTER-37-12,1,true
genus,g__UM-FILTER-38-24,1,true
genus,g__UM-FILTER-39-15,1,true
genus,g__UM-FILTER-39-64,1,true
genus,g__UM-FILTER-40-11,1,true
genus,g__UM-FILTER-40-16,1,true
genus,g__UM-FILTER-40-9,1,true
genus,g__UM-FILTER-41-14,1,true
genus,g__UM-FILTER-41-21,1,true
genus,g__UM-FILTER-41-35,1,true
genus,g__UM-FILTER-42-10,2,true
genus,g__UM-FILTER-42-14,3,true
genus,g__UM-FILTER-42-9,1,true
genus,g__UM-FILTER-43-11,1,true
genus,g__UM-FILTER-43-11-A,1,true
genus,g__UM-FILTER-45-8,1,true
genus,g__UM-FILTER-48-10,1,true
genus,g__UM-FILTER-50-9,1,true
genus,g__UM-FILTER-53-11,1,true
genus,g__UMGS1907,3,false
genus,g__VFKW01,1,true
genus,g__VFKX01,1,true
genus,g__VFLK01,2,true
genus,g__VMEP01,1,true
genus,g__VMES01,1,true
genus,g__VMEU01,1,true
genus,g__VMEV01,1,true
genus,g__VMEW01,1,true
genus,g__VMFF01,1,true
genus,g__VMFH01,1,true
genus,g__VMFP01,1,true
genus,g__VMFQ01,1,true
genus,g__VMFR01,1,true
genus,g__VMFS01,1,true
genus,g__VMFT01,1,true
genus,g__VMFU01,1,true
genus,g__VMFW01,1,true
genus,g__VMGA01,1,true
genus,g__VMGD01,1,true
genus,g__VMGE01,1,true
genus,g__VMGF01,1,true
genus,g__VMGJ01,1,true
genus,g__VMGK01,1,true
genus,g__VMGT01,1,true
genus,g__VMGU01,1,true
genus,g__VMGX01,1,true
genus,g__VMGY01,1,true
genus,g__VMTK01,1,true
genus,g__VXOY01,1,true
genus,g__VXPC01,1,true
genus,g__WARW01,1,true
genus,g__WO2-01-48-18,1,true
genus,g__WO2-35-19,7,true
genus,g__WO2-39-10b,1,true
genus,g__WO2-40-15,2,true
genus,g__WO2-42-50,1,true
genus,g__WO2-43-9,1,true
genus,g__WO2-44-18,1,true
genus,g__WO2-46-25,1,true
genus,g__WO2-47-17b,1,true
genus,g__WO2-48-25,1,true
genus,g__WO2-49-40,1,true
genus,g__WO2-54-10,1,true
genus,g__WO2-FULL-39-10,1,true
genus,g__WO2-FULL-39-9,1,true
genus,g__WO2-FULL-40-11,1,true
genus,g__WOZL01,1,true
genus,g__WQUV01,3,true
genus,g__WQWN01,1,true
genus,g__WQXA01,3,true
genus,g__WRFU01,1,true
genus,g__WRGU01,1,true
genus,g__WRHN01,1,true
genus,g__WRLL01,1,true
genus,g__WRLZ01,1,true
genus,g__WRMD01,1,true
genus,g__WRMU01,1,true
genus,g__XYA2-FULL-35-8,1,true
genus,g__XYA2-FULL-43-10,1,true
genus,g__XYA2-FULL-43-15,1,true
genus,g__XYA2-FULL-47-19,1,true
genus,g__XYB1-36-10,1,true
genus,g__XYB1-40-15,2,true
genus,g__XYB1-FULL-32-11,4,true
genus,g__XYB1-FULL-40-15,1,true
genus,g__XYB1-FULL-42-16,1,true
genus,g__XYB1-FULL-44-23,1,true
genus,g__XYB1-FULL-47-11,1,true
genus,g__XYB2-FULL-38-15,1,true
genus,g__XYB2-FULL-45-11,3,true
genus,g__XYC2-34-220,1,true
genus,g__XYC2-FULL-38-9,1,true
genus,g__XYC2-FULL-41-22,1,true
genus,g__XYC2-FULL-47-12,1,true
genus,g__XYD1-37-29,1,true
genus,g__XYD1-FULL-39-28,10,true
genus,g__XYD1-FULL-40-9,1,true
genus,g__XYD1-FULL-44-32,1,true
genus,g__XYD1-FULL-46-19,1,true
genus,g__XYD2-FULL-39-9,2,false
genus,g__XYD2-FULL-41-14,2,true
genus,g__YC12-FULL-57-11,2,true
genus,g__YC2-FULL-38-9,2,false
class,c__4484-211,3,false
class,c__ABY1,233,false
class,c__Andersenbacteria,7,false
class,c__CG2-30-54-11,2,true
class,c__CPR2,7,true
class,c__CPR2_A,1,true
class,c__CPR3,2,true
class,c__Dojkabacteria,31,false
class,c__Doudnabacteria,17,false
class,c__GCA-2792135,1,true
class,c__Gracilibacteria,106,false
class,c__JABMPQ01,1,true
class,c__JACMRA01,3,true
class,c__Kazan-3B-28,6,false
class,c__Microgenomatia,252,false
class,c__Paceibacteria,684,false
class,c__Saccharimonadia,161,false
class,c__SICC01,1,true
class,c__SOKK01,1,true
class,c__UBA1384,24,false
class,c__WWE3,30,false
order,o__0-14-0-10-38-17,1,true
order,o__0-14-0-20-40-13,1,true
order,o__1-14-2-50-48-13,1,true
order,o__2-01-FULL-39-13,3,true
order,o__2-01-FULL-47-10,1,true
order,o__2-02-FULL-39-11,9,false
order,o__2-02-FULL-40-12,26,false
order,o__2-02-FULL-49-11,1,true
order,o__2-12-FULL-50-11,3,false
order,o__4484-211,3,false
order,o__9FT-COMBO-53-11,2,true
order,o__Absconditabacterales,17,false
order,o__B142,3,false
order,o__BD1-5,24,false
order,o__BM507,45,false
order,o__Buchananbacterales,17,false
order,o__CAILAD01,5,false
order,o__CAILIB01,1,true
order,o__CAIRYL01,1,true
order,o__CAIUEV01,1,true
order,o__CAIXNZ01,2,false
order,o__CAJBMM01,1,true
order,o__CG2-30-33-46,1,true
order,o__CG2-30-40-12,1,true
order,o__CG2-30-54-11,2,true
order,o__CPR2,3,true
order,o__CPR3,2,true
order,o__Curtissbacterales,10,false
order,o__Daviesbacterales,14,false
order,o__DTIG01,1,true
order,o__DTQI01,1,true
order,o__GCA-001788215,2,false
order,o__GCA-2401425,1,true
order,o__GCA-2792135,1,true
order,o__GWA2-35-9,5,true
order,o__GWA2-38-13b,1,true
order,o__GWA2-43-13,1,true
order,o__GWA2-44-7,45,false
order,o__GWA2-46-9,3,true
order,o__GWC2-36-17,4,false
order,o__JAACEG01,1,true
order,o__JAADGY01,1,true
order,o__JABMPQ01,1,true
order,o__JABMQE01,1,true
order,o__JACMRA01,3,true
order,o__Kazan-3B-28,6,false
order,o__Levybacterales,27,false
order,o__Magasanikbacterales,45,false
order,o__Moranbacterales,70,false
order,o__Paceibacterales,95,false
order,o__Peribacterales,28,false
order,o__PEYW01,1,true
order,o__PFEM01,1,true
order,o__Portnoybacterales,13,false
order,o__RBG-16-42-10,1,true
order,o__Ryanbacterales,8,true
order,o__Saccharimonadales,153,false
order,o__SBBB01,1,true
order,o__SBBC01,7,false
order,o__SC72,28,false
order,o__SCPX01,1,true
order,o__SG8-24,54,false
order,o__SICC01,1,true
order,o__SOKK01,1,true
order,o__Spechtbacterales,3,false
order,o__Sungbacterales,10,false
order,o__SURF-38,1,true
order,o__SW-4-49-11,2,false
order,o__Terrybacterales,4,true
order,o__UBA10025,1,true
order,o__UBA10092,3,false
order,o__UBA10105,11,false
order,o__UBA101185,22,false
order,o__UBA10190,7,false
order,o__UBA11705,6,false
order,o__UBA12157,2,true
order,o__UBA12157_A,1,true
order,o__UBA12405,16,false
order,o__UBA1369,28,false
order,o__UBA1384,4,false
order,o__UBA1400,64,false
order,o__UBA1406,43,false
order,o__UBA1544,1,true
order,o__UBA1558,13,false
order,o__UBA1875,4,true
order,o__UBA2169,4,false
order,o__UBA2196,8,true
order,o__UBA2591,7,false
order,o__UBA4473,3,false
order,o__UBA4664,3,false
order,o__UBA6257,69,false
order,o__UBA920,17,false
order,o__UBA9570,6,false
order,o__UBA9629,2,true
order,o__UBA9936,1,true
order,o__UBA9983,9,false
order,o__UBA9983_A,347,false
order,o__UM-FILTER-39-15,1,true
order,o__UM-FILTER-40-11,3,true
order,o__UM-FILTER-42-10,2,true
order,o__UM-FILTER-43-11,2,false
order,o__Veblenbacterales,2,false
order,o__VFKW01,1,true
order,o__VMEV01,1,true
order,o__WO2-41-13,16,false
order,o__Woykebacterales,4,true
order,o__XYA2-FULL-43-10,4,true
order,o__XYB2-FULL-38-15,1,true
family,f__0-14-0-10-38-17,1,true
family,f__0-14-0-20-40-13,1,true
family,f__02-FULL-45-10c,3,false
family,f__1-14-0-10-40-38,2,true
family,f__1-14-0-10-41-12,1,true
family,f__1-14-0-10-42-19,2,false
family,f__1-14-0-10-43-13,1,true
family,f__1-14-0-10-44-23,2,true
family,f__1-14-2-50-48-13,1,true
family,f__2-01-FULL-39-13,2,true
family,f__2-01-FULL-39-33,7,false
family,f__2-01-FULL-40-14,1,true
family,f__2-01-FULL-41-18,1,true
family,f__2-01-FULL-43-14,1,true
family,f__2-01-FULL-45-11,1,true
family,f__2-01-FULL-45-33,7,false
family,f__2-01-FULL-46-14,2,true
family,f__2-01-FULL-47-10,1,true
family,f__2-01-FULL-50-11,2,false
family,f__2-01-FULL-52-15,1,true
family,f__2-01-FULL-56-20,10,false
family,f__2-01-FULL-58-14,2,true
family,f__2-02-FULL-39-11,9,false
family,f__2-02-FULL-40-12,2,true
family,f__2-02-FULL-46-11,1,true
family,f__2-02-FULL-48-12,5,true
family,f__2-02-FULL-48-14,1,true
family,f__2-02-FULL-49-11,1,true
family,f__2-02-FULL-50-9b,2,true
family,f__21-14-0-10-42-9,1,true
family,f__21-14-all-36-13,2,false
family,f__21-14-all-47-15,1,true
family,f__2-12-FULL-38-22,2,true
family,f__2-12-FULL-40-10,2,true
family,f__2-12-FULL-40-12,2,true
family,f__2-12-FULL-41-12,1,true
family,f__2-12-FULL-41-13,1,true
family,f__2-12-FULL-50-11,3,false
family,f__2-12-FULL-57-11,3,true
family,f__2-12-FULL-60-25,11,false
family,f__4484-211,1,true
family,f__9FT-COMBO-53-11,2,true
family,f__Amesbacteraceae,9,true
family,f__AWTP1-31,2,true
family,f__BJGX01,3,true
family,f__BM507,1,true
family,f__Brennerbacteraceae,4,true
family,f__CAIJYI01,1,true
family,f__CAIJZX01,2,false
family,f__CAILAD01,2,true
family,f__CAILIB01,1,true
family,f__CAIMLA01,1,true
family,f__CAINNR01,1,true
family,f__CAINVO01,1,true
family,f__CAIOMD01,2,true
family,f__CAIQCM01,1,true
family,f__CAIRYL01,1,true
family,f__CAISZI01,1,true
family,f__CAIUEV01,1,true
family,f__CAIXNZ01,2,false
family,f__CAIZIN01,2,false
family,f__CAIZLB01,7,false
family,f__CAIZMI01,2,true
family,f__CAJBMK01,2,false
family,f__CAJBMM01,1,true
family,f__CAJBRS01,1,true
family,f__CG1-02-40-25,1,true
family,f__CG1-02-41-26,7,false
family,f__CG1-02-47-37,3,true
family,f__CG2-30-33-46,1,true
family,f__CG2-30-39-44,2,true
family,f__CG2-30-40-12,1,true
family,f__CG2-30-43-20,1,true
family,f__CG2-30-54-11,1,true
family,f__Chazhemtobacteraceae,1,true
family,f__Chisholmbacteraceae,2,true
family,f__Colwellbacteraceae,7,false
family,f__CPR2,3,true
family,f__CSBR16-119,1,true
family,f__CSBR16-193,3,true
family,f__CSSED10-335,2,true
family,f__DG-74-1,1,true
family,f__DG-74-3,1,true
family,f__DRWU01,1,true
family,f__DSTG01,2,true
family,f__DTIG01,1,true
family,f__DTJR01,2,true
family,f__DTQI01,1,true
family,f__DTSZ01,1,true
family,f__DUUL01,2,false
family,f__GBS-2,5,true
family,f__GCA-002688135,1,true
family,f__GCA-002724975,2,true
family,f__GCA-002772825,1,true
family,f__GCA-002772895,1,true
family,f__GCA-002773005,1,true
family,f__GCA-002779355,1,true
family,f__GCA-002780085,1,true
family,f__GCA-002782225,1,true
family,f__GCA-002785045,1,true
family,f__GCA-002787255,1,true
family,f__GCA-00278855,1,true
family,f__GCA-002788555,1,true
family,f__GCA-002791395,2,true
family,f__GCA-002793355,1,true
family,f__GCA-002795985,1,true
family,f__GCA-2401425,1,true
family,f__GCA-2401445,1,true
family,f__GCA-2718715,2,false
family,f__GCA-2747515,1,true
family,f__GCA-2747955,2,true
family,f__GCA-2785325,1,true
family,f__GCA-2792135,1,true
family,f__GWA1-39-11,5,false
family,f__GWA1-40-21,10,false
family,f__GWA2-35-9,2,true
family,f__GWA2-36-10,8,false
family,f__GWA2-37-8,11,false
family,f__GWA2-38-13,2,true
family,f__GWA2-38-13b,1,true
family,f__GWA2-38-27,3,false
family,f__GWA2-41-24,10,false
family,f__GWA2-42-14,4,true
family,f__GWA2-42-15,6,true
family,f__GWA2-43-13,1,true
family,f__GWA2-44-7,1,true
family,f__GWA2-44-9,18,false
family,f__GWA2-46-15,2,false
family,f__GWA2-46-9,3,true
family,f__GWA2-47-10b,3,true
family,f__GWA2-47-26,2,false
family,f__GWB1-40-14,2,true
family,f__GWB1-42-6,4,false
family,f__GWB1-45-9,1,true
family,f__GWB1-50-10,11,false
family,f__GWC2-33-13,1,true
family,f__GWC2-36-17,1,true
family,f__GWC2-37-13,33,false
family,f__GWC2-37-73,17,true
family,f__GWC2-42-12,3,true
family,f__GWE2-39-37,3,true
family,f__GWF2-33-10,2,true
family,f__GWF2-35-18,1,true
family,f__GWF2-40-263,20,false
family,f__H02-43-30,1,true
family,f__H02-45-28,1,true
family,f__HO2-37-13b,7,false
family,f__HO2-48-17,2,true
family,f__HO2-52-23,5,false
family,f__HR35,3,true
family,f__HRBIN34,1,true
family,f__IGHO2-01-FULL-4-A,4,false
family,f__IGHO2-12-FULL-4,2,false
family,f__J137,1,true
family,f__JAACEG01,1,true
family,f__JAACPI01,1,true
family,f__JAACPR01,1,true
family,f__JAADGY01,1,true
family,f__JAAZHW01,1,true
family,f__JABAAK01,3,true
family,f__JABMPQ01,1,true
family,f__JABMQE01,1,true
family,f__JACDBH01,1,true
family,f__JACDFO01,1,true
family,f__JACMRA01,3,true
family,f__JACNGX01,2,true
family,f__Kazan-3B-28,3,true
family,f__LOWO2-01-FULL-3,8,false
family,f__M10-OD1-4,3,false
family,f__MFAQ01,13,true
family,f__MFKM01,1,true
family,f__MHMH01,2,true
family,f__O2-02-FULL-48-8,5,false
family,f__OLB20,2,true
family,f__OMJO01,1,true
family,f__Paceibacteraceae,2,true
family,f__PALSA-1337,25,false
family,f__Peribacteraceae,28,false
family,f__PETJ01,1,true
family,f__PEXW01,3,true
family,f__PEYH01,1,true
family,f__PEYW01,1,true
family,f__PFDW01,1,true
family,f__PFEM01,1,true
family,f__PGYQ01,1,true
family,f__PJMF01,28,false
family,f__PNNO01,1,true
family,f__PWMZ01,2,true
family,f__PWPS01,13,false
family,f__QS-5-54-17,2,true
family,f__RBG-13-36-15,2,true
family,f__RBG-13-40-8-A,1,true
family,f__RBG-13-42-11,1,true
family,f__RBG-13-42-11_A,1,true
family,f__RBG-16-39-9b,3,true
family,f__RBG-16-42-10,1,true
family,f__RBG-16-45-19,2,true
family,f__Saccharimonadaceae,106,false
family,f__SBBB01,1,true
family,f__SBBC01,2,false
family,f__SC72,23,false
family,f__SCPX01,1,true
family,f__SCTI01,1,true
family,f__SCTJ01,1,true
family,f__SG8-24,3,false
family,f__SICC01,1,true
family,f__SLHW01,2,true
family,f__SOKK01,1,true
family,f__Staskawiczbacteraceae,22,false
family,f__SURF-37,1,true
family,f__SURF-38,1,true
family,f__SURF-54,1,true
family,f__SW-4-49-11,2,false
family,f__SW-6-46-9,1,true
family,f__SZUA-104,1,true
family,f__SZUA-47,2,false
family,f__T1SED10-24,4,true
family,f__Tagabacteraceae,2,false
family,f__UBA10003,2,false
family,f__UBA10009,2,false
family,f__UBA10025,1,true
family,f__UBA1006,4,true
family,f__UBA10092,3,false
family,f__UBA10102,6,false
family,f__UBA10105,2,true
family,f__UBA10110,3,false
family,f__UBA10138,2,false
family,f__UBA10146,1,true
family,f__UBA10151,14,false
family,f__UBA10165,5,false
family,f__UBA10169,1,true
family,f__UBA10185,21,false
family,f__UBA10190,5,false
family,f__UBA10197,1,true
family,f__UBA10212,6,false
family,f__UBA10212_A,1,true
family,f__UBA11359,2,true
family,f__UBA11359_A,18,false
family,f__UBA11359_C,2,true
family,f__UBA11618,1,true
family,f__UBA11705,6,false
family,f__UBA11712,4,true
family,f__UBA11713,5,false
family,f__UBA11717,4,false
family,f__UBA12028,3,false
family,f__UBA12049,22,false
family,f__UBA12075,5,false
family,f__UBA12079,2,false
family,f__UBA12108,5,false
family,f__UBA12157,2,true
family,f__UBA12405,16,false
family,f__UBA12445,2,false
family,f__UBA12463,3,false
family,f__UBA12465,19,false
family,f__UBA12470,3,false
family,f__UBA12473,1,true
family,f__UBA1369,3,false
family,f__UBA1384,1,true
family,f__UBA1396,1,true
family,f__UBA1400,2,true
family,f__UBA1406,3,true
family,f__UBA1441,1,true
family,f__UBA1449,3,true
family,f__UBA1539,13,false
family,f__UBA1544,1,true
family,f__UBA1558,2,false
family,f__UBA1568,13,false
family,f__UBA1875,2,true
family,f__UBA2023,13,false
family,f__UBA2135,1,true
family,f__UBA2143,5,false
family,f__UBA2163,112,false
family,f__UBA2169,4,false
family,f__UBA2193,2,false
family,f__UBA2196,2,true
family,f__UBA2206,21,true
family,f__UBA2591,1,true
family,f__UBA3531,1,true
family,f__UBA4473,3,false
family,f__UBA4664,2,false
family,f__UBA4665,23,false
family,f__UBA4787,1,true
family,f__UBA5272,4,false
family,f__UBA5633,9,false
family,f__UBA5738,3,true
family,f__UBA6065,2,false
family,f__UBA6164,11,false
family,f__UBA6257,3,true
family,f__UBA6264,3,false
family,f__UBA6532,1,true
family,f__UBA6539,6,false
family,f__UBA6899,6,true
family,f__UBA7683,1,true
family,f__UBA8517,30,false
family,f__UBA917,5,false
family,f__UBA920,6,false
family,f__UBA922,27,false
family,f__UBA927,9,false
family,f__UBA9337,4,true
family,f__UBA9337-A,1,true
family,f__UBA9568,1,true
family,f__UBA9570,1,true
family,f__UBA9629,2,true
family,f__UBA9933,10,false
family,f__UBA9934,7,false
family,f__UBA9936,1,true
family,f__UBA9973,62,false
family,f__UBA9973_A,1,true
family,f__UBA9973_B,1,true
family,f__UBA9983,6,false
family,f__UBA9988,1,true
family,f__UM-FILTER-36-11,1,true
family,f__UM-FILTER-39-15,1,true
family,f__UM-FILTER-40-11,3,true
family,f__UM-FILTER-41-14,1,true
family,f__UM-FILTER-42-10,2,true
family,f__UM-FILTER-43-11,2,false
family,f__UM-FILTER-48-10,1,true
family,f__UM-FILTER-53-11,2,false
family,f__VFKW01,1,true
family,f__VMEP01,1,true
family,f__VMEV01,1,true
family,f__VMFF01,1,true
family,f__VMGT01,1,true
family,f__VMGY01,1,true
family,f__VMTK01,1,true
family,f__VXPC01,1,true
family,f__WO2-01-48-18,1,true
family,f__WO2-44-18,4,false
family,f__X112,17,false
family,f__XYA2-FULL-43-10,2,true
family,f__XYB1-36-10,2,true
family,f__XYB2-FULL-38-15,1,true
family,f__XYC2-FULL-38-9,3,false
family,f__XYC2-FULL-47-12,5,true
family,f__XYD1-FULL-40-9,1,true
family,f__XYD1-FULL-46-19,8,false
family,f__Zambryskibacteraceae,27,false
family,f__Zambryskibacteraceae_A,8,false
